"Task","Role","Hours","Rate/Hour","Total Cost"
"Conduct Migration Readiness Assessment (MRA) - gather infrastructure inventory, application dependencies, network topology, and compliance requirements from HigherTech","Business Analyst","40","85","3400.00"
"Design VMware Cloud on AWS (VMC) SDDC architecture including NSX-T configuration, capacity planning, and cost modeling for US-West-2 region","SW Architect","60","220","13200.00"
"Design VMware HCX deployment architecture including Network Extension configuration, bulk migration strategy for large VMs, and Layer 2 stretching topology with gateway swing plan","SW Architect","50","220","11000.00"
"Design storage integration architecture including Amazon FSx for NetApp ONTAP NFS datastore attachment, archival data offload strategy, and vSAN optimization plan","SW Architect","40","220","8800.00"
"Design security and firewall architecture including NSX-v to NSX-T rule translation, AWS Security Groups configuration, East-West traffic audit plan, and CloudAdmin privilege model implementation","SW Architect","50","220","11000.00"
"Validate Direct Connect connectivity end-to-end including MTU (9001 bytes) testing, latency measurement, bandwidth verification, and intermediate device configuration review","DevOps Engineer","30","180","5400.00"
"Provision and configure VMware Cloud on AWS SDDC including vSphere cluster setup, vSAN configuration, NSX-T firewall rules, and AWS IAM roles for CloudAdmin access","DevOps Engineer","80","180","14400.00"
"Deploy and configure VMware HCX including on-premises and VMC connectors, Network Extension setup for critical subnets, bulk migration engine configuration, and performance tuning","DevOps Engineer","70","180","12600.00"
"Implement Amazon FSx for NetApp ONTAP including NFS datastore provisioning, attachment to VMC cluster, datastore affinity rules, and performance validation","DevOps Engineer","40","180","7200.00"
"Audit and translate firewall rules from NSX-v to NSX-T including documentation of all rules, mapping to AWS Security Groups, East-West traffic flow analysis, and exception handling","SW Engineer","60","180","10800.00"
"Identify and plan replacement for legacy host-level tools including backup agents, monitoring tools, and plugins; evaluate AWS-compatible alternatives and create migration plan","Business Analyst","35","85","2975.00"
"Execute pilot wave migration of 10 non-critical VMs including pre-migration cleanup, vMotion/bulk migration execution, validation testing, performance benchmarking, and documentation of lessons learned","DevOps Engineer","100","180","18000.00"
"Develop and test cutover procedures including gateway swing automation, firewall rule validation scripts, rollback procedures, and runbook documentation for production waves","SW Engineer","50","180","9000.00"
"Conduct security and compliance validation including firewall rule testing, access control verification, data integrity checks, audit trail validation, and compliance documentation","QA Engineer","60","100","6000.00"
"Manage project execution including stakeholder coordination, weekly technical alignment meetings, steering committee updates, risk tracking, timeline management, and deliverable coordination","Project Manager","120","180","21600.00"
"Conduct licensing review and optimization including BYOL strategy validation with AWS specialist, cost modeling, license tracking setup, and compliance verification","Business Analyst","30","85","2550.00"
"","","","",""
"Total Hours","","915","",""
"Total Cost","","","","157925.00"
"Timeline (weeks)","","23","",""